"Atrium LTS is Hiring a Mid/Sr ML/NLP Engineer in SF (Onsite, Full-Time)"
Strikingly (YC W13) is hiring designers and devs in Shanghai
People.ai (YC S16) Is Hiring Senior Back End Engineers in San Francisco
Nurx Is Looking for a Lead Machine Learning Engineer
"Chargehound Is Hiring a Solutions Engineer in Oakland, NYC, or Remote"
"Zentail (YC S12) Is Hiring a Product Developer in Columbia, MD"
"Flexport's newest offices in Chicago, Hamburg, and Shenzhen are hiring"
Modular Science (YC S17) is seeking a hw/sw engineer to work on farming robots
The Muse (YC W12) Is Hiring a Product and Data PM
Mino Games Is Hiring Programmers in Montreal
Tovala Hiring Business Development Lead and Product Manager in Chicago
Human Dx is hiring product-oriented software engineers
Iris Automation Is Hiring Engineers â€“ AI Collision Avoidance for Drones
Mux is hiring video engineers (and others) to make online video work
Front (YC S14) Is Hiring Software Engineers in San Francisco and Paris
Fullstack Academy (YC S12) is hiring devs in New York who love teaching
Nimble (YC S17) seeks product designer (contract)
The Ticket Fairy (YC S15) is hiring a back-end developer
Lawn Love (YC S14) Is Hiring Software Engineers in Sunny San Diego
Care Revolutions (S16) Is Hiring an Administrative Documentation Specialist
Willing (YC S15) Is Hiring a Head Designer
Simple Habit Is Hiring a Lead Product Designer
"HelloSign Is Hiring Engineers in San Francisco: Elixir, PHP, and Front End"
Rainforest QA (YC S12) Is Hiring a Remote/SF Senior Back End Engineer
Tesorio (YC S15) Is Hiring a Lead Data Scientist
BuildZoom (YC W13) is hiring an engineering manager
EasyPost (YC S13) is changing the way shipping works
"VoiceOps is hiring engineers, salespeople in SF to build AI for B2B voice data"
New Story (nonprofit S15) Is Hiring Impact Data Analyst
Smarking (YC W15) Is Hiring a Product Leader in SF
